{"materials":[{"id":470,"path":"Resources/unity_builtin_extra\\Sprites-Default","assetBundleId":-2,"data":["Sprites-Default",5,26,3000,0,[["PixelSnap",0],["_EnableExternalAlpha",0]],[["_Color",1,1,1,1],["_RendererColor",1,1,1,1]],[["_MainTex_ST",1,1,0,0],["_Flip",1,1,1,1],["_AlphaTex_ST",1,1,0,0]],[["_MainTex",null,null],["_AlphaTex",null,null]],[]]}],"shaders":[{"id":26,"assetBundleId":-2,"data":[[],"Sprites/Default",null,["PIXELSNAP_ON","ETC1_EXTERNAL_ALPHA","INSTANCING_ON","STEREO_CUBEMAP_RENDER_ON","STEREO_INSTANCING_ON","STEREO_MULTIVIEW_ON","UNITY_SINGLE_PASS_STEREO","_","__"],[[0,0,"",0,"",0,[4,null],[0,null],[0,null],[[1,null],[10,null],[0,null]],[[1,null],[10,null],[0,null]],[15,null],[0,null],[0,null],[0,null],[255,null],[255,null],[[0,null],[0,null],[0,null],[8,null]],[[0,null],[0,null],[0,null],[8,null]],[[0,null],[0,null],[0,null],[8,null]],[["CanUseSpriteAtlas","true"],["IGNOREPROJECTOR","true"],["PreviewType","Plane"],["QUEUE","Transparent"],["RenderType","Transparent"]],["ETC1_EXTERNAL_ALPHA","INSTANCING_ON","PIXELSNAP_ON","STEREO_CUBEMAP_RENDER_ON","STEREO_INSTANCING_ON","STEREO_MULTIVIEW_ON","UNITY_SINGLE_PASS_STEREO","_","__"],[],[[0,0,[],0,1,0,0],[0,0,[],2,3,1,0]],[],0]],[],[["_MainTex",4,0,0,0,0,"white",2],["_Color",0,1,1,1,1,"",0],["PixelSnap",2,0,0,0,0,"",0],["_RendererColor",0,1,1,1,1,"",1],["_Flip",1,1,1,1,1,"",1],["_AlphaTex",4,0,0,0,0,"white",2],["_EnableExternalAlpha",2,0,0,0,0,"",2]],null,null,0,0,0]},{"id":28,"assetBundleId":-2,"data":[[],"UI/Default",null,["UNITY_UI_ALPHACLIP","UNITY_UI_CLIP_RECT","STEREO_CUBEMAP_RENDER_ON","STEREO_INSTANCING_ON","STEREO_MULTIVIEW_ON","UNITY_SINGLE_PASS_STEREO","_"],[[0,0,"Default",0,"",0,[0,"unity_GUIZTestMode"],[0,null],[0,null],[[1,null],[10,null],[0,null]],[[1,null],[10,null],[0,null]],[0,"_ColorMask"],[0,null],[0,null],[0,"_Stencil"],[0,"_StencilReadMask"],[0,"_StencilWriteMask"],[[0,"_StencilOp"],[0,null],[0,null],[0,"_StencilComp"]],[[0,null],[0,null],[0,null],[8,null]],[[0,null],[0,null],[0,null],[8,null]],[["CanUseSpriteAtlas","true"],["IGNOREPROJECTOR","true"],["PreviewType","Plane"],["QUEUE","Transparent"],["RenderType","Transparent"]],["STEREO_CUBEMAP_RENDER_ON","STEREO_INSTANCING_ON","STEREO_MULTIVIEW_ON","UNITY_SINGLE_PASS_STEREO","UNITY_UI_ALPHACLIP","UNITY_UI_CLIP_RECT","_"],[],[[0,0,[],4,5,0,0],[0,0,[],6,7,1,0],[0,0,["UNITY_UI_ALPHACLIP"],4,8,0,0],[0,0,["UNITY_UI_ALPHACLIP"],6,9,1,0]],[],0]],[],[["_MainTex",4,0,0,0,0,"white",2],["_Color",0,1,1,1,1,"",0],["_StencilComp",2,8,0,0,0,"",0],["_Stencil",2,0,0,0,0,"",0],["_StencilOp",2,0,0,0,0,"",0],["_StencilWriteMask",2,255,0,0,0,"",0],["_StencilReadMask",2,255,0,0,0,"",0],["_ColorMask",2,15,0,0,0,"",0],["_UseUIAlphaClip",2,0,0,0,0,"",0]],null,null,0,0,0]},{"id":48,"assetBundleId":-2,"data":[[],"Hidden/BlitCopy",null,["STEREO_CUBEMAP_RENDER_ON","STEREO_INSTANCING_ON","STEREO_MULTIVIEW_ON","UNITY_SINGLE_PASS_STEREO"],[[0,0,"",0,"",0,[8,null],[0,null],[0,null],[[1,null],[0,null],[0,null]],[[1,null],[0,null],[0,null]],[15,null],[0,null],[0,null],[0,null],[255,null],[255,null],[[0,null],[0,null],[0,null],[8,null]],[[0,null],[0,null],[0,null],[8,null]],[[0,null],[0,null],[0,null],[8,null]],[],["STEREO_CUBEMAP_RENDER_ON","STEREO_INSTANCING_ON","STEREO_MULTIVIEW_ON","UNITY_SINGLE_PASS_STEREO"],[],[],[],0]],[],[["_MainTex",4,0,0,0,0,"",0],["_Color",0,1,1,1,1,"",0]],null,null,0,0,0]}],"sprites":[{"id":708,"path":"Resources/unity_builtin_extra\\Background","assetBundleId":-2,"data":["Background",6,706,[0,0,0,0.08,0.08,0],[0.05,0.08,0,0.8125,1,0.08,-0.08,0,1,0,0.08,0.075,0,1,0.96875,-0.07,0.08,0,0.0625,1,-0.075,-0.08,0,0.03124997,0,-0.08,0.07,0,0,0.9375,-0.08,-0.05,0,0,0.1875],[6,5,4,3,4,5,1,4,3,0,1,3,2,1,0],-0.000835968181490898,-0.00160364620387554,0.999164044857025,0.998396337032318,0,0,1,1,0.3125,0.3125,0.3125,0.3125,[0,0,0,0],[-0.08,-0.08,0.08,0.08],200,32,32,32,32,16,16,0.0267509818077087,0.0513166785240173]}],"textures":[{"id":706,"type":0,"path":"Resources/unity_builtin_extra\\Background","assetBundleId":-2,"data":["Background",32,32,6,16,1,0,4,1,1,1,8,0,0,1,1]}],"resources":[{"id":0,"assetBundleId":-2,"data":[[["unity_builtin_extra",5,26],["unity_builtin_extra",3,470],["unity_builtin_extra",6,706],["unity_builtin_extra",4,708],["unity_builtin_extra",5,28],["dotweensettings",69,26590],["fonts & materials/liberationsans sdf",6,26580],["fonts & materials/liberationsans sdf",3,26578],["fonts & materials/liberationsans sdf - fallback",6,26520],["fonts & materials/liberationsans sdf - fallback",3,26518],["fonts & materials/liberationsans sdf - fallback",28,26516],["fonts & materials/liberationsans sdf",28,26576],["sprite assets/emojione",3,31632],["sprite assets/emojione",71,26508],["style sheets/default style sheet",72,26584],["linebreaking leading characters",73,31628],["linebreaking following characters",73,31630],["tmp settings",70,26554]],[31394,29286,31396,29286,29280,29286,29278,29286,31398,29286,29168,29286,-996396,141102,31412,29286,29282,29286,29288,29286,31410,29286,-996402,141102,-996408,141102,-996414,141102,-996420,141102,140400,141102,31408,29286,29334,29328,29332,29328,29320,29328,29322,29328,31374,29328,31376,29328,29324,29328,31452,29386,31388,29328,31496,29386,29376,29386,29372,29386,31386,29328,31494,29386,31498,29386,31438,29386,29330,29328,29326,29328,29348,29386,31454,29386,31476,29386,31486,29386,31488,29386,31474,29386,31478,29386,29380,29386,31440,29386,31482,29386,31500,29386,31502,29386,31480,29386,31484,29386,29382,29386,31426,29386,29378,29386,29258,29386,29374,29386,31418,29386,31420,29386,-994896,142782,31544,29386,-994914,142782,-994918,142782,-994922,142782,31538,29386,-994908,142782,-994926,142782,-994890,142782,31466,29386,31468,29386,142282,142782,31470,29386,31472,29386,-994930,142782,31534,29386,-994950,142782,-994954,142782,-994958,142782,31540,29386,-994944,142782,-994962,142782,31456,29386,31458,29386,-994934,142782,31460,29386,31462,29386,-994966,142782,31536,29386,-994986,142782,-994990,142782,-994994,142782,31542,29386,-994980,142782,-994998,142782,31442,29386,31444,29386,-994970,142782,31446,29386,31448,29386,-994886,142782,31490,29386,31492,29386,142778,142782,29392,29386,31464,29386,29260,29386,141716,142782,29384,29386,142790,142782,-994876,142782,141720,142782,-994878,142782,31422,29386,31424,29386,29262,29386,141718,142782,142780,142782,30328,29170,30332,29170,30334,29170,29184,29170,-994826,141208,30340,29170,29346,29170,30342,29170,30344,29170,-994832,141208,-994840,141208,142498,141208,30336,29170,29192,29170,30326,29170,141132,141208,31548,29268,31552,29268,31554,29268,31556,29268,31558,29268,29240,29268,-996426,141460,31576,29268,31578,29268,31574,29268,31572,29268,-996434,141460,-996440,141460,-996446,141460,-996452,141460,141408,141460,31568,29268,31570,29268,30246,29840,30264,29840,30266,29840,30268,29840,30248,29840,30244,29840,29842,29840,29794,29840,29814,29812,29220,29812,-994776,141460,-994784,141460,-994790,141460,-994796,141460,-994802,141460,142090,141460,-995038,141208,-995044,141208,-995052,141208,142260,141208,140826,141208,30420,30698,30696,30698,30722,30698,30348,29178,31232,30698,31238,30698,30430,29178,30432,29178,30346,29178,31030,30698,31026,30698,30350,29178,30668,29178,30670,29178,30352,29178,30484,29178,30486,29178,30354,29178,30460,29178,30462,29178,30356,29178,30436,29178,30438,29178,30358,29178,30596,29178,30598,29178,30360,29178,30424,29178,30426,29178,30362,29178,30448,29178,30450,29178,30364,29178,30626,29178,30628,29178,30366,29178,30524,29178,30526,29178,30368,29178,30674,29178,30676,29178,30370,29178,30478,29178,30480,29178,30372,29178,30442,29178,30444,29178,30374,29178,30650,29178,30652,29178,30376,29178,30632,29178,30634,29178,30378,29178,30686,29178,30688,29178,30380,29178,30662,29178,30664,29178,30382,29178,30490,29178,30492,29178,30384,29178,30644,29178,30646,29178,30386,29178,30496,29178,30498,29178,30388,29178,30614,29178,30616,29178,30390,29178,30466,29178,30468,29178,30392,29178,30454,29178,30456,29178,30394,29178,30536,29178,30538,29178,30396,29178,30680,29178,30682,29178,30398,29178,30542,29178,30544,29178,30400,29178,30608,29178,30610,29178,30402,29178,30620,29178,30622,29178,30404,29178,30656,29178,30658,29178,30406,29178,30530,29178,30532,29178,30408,29178,30472,29178,30474,29178,30410,29178,30602,29178,30604,29178,30412,29178,30638,29178,30640,29178,30548,29178,30872,29178,30874,29178,30414,29178,30550,29178,30750,29178,30752,29178,30552,29178,30808,29178,30810,29178,30554,29178,30844,29178,30846,29178,30556,29178,30814,29178,30816,29178,30558,29178,30946,29178,30948,29178,30560,29178,30960,29178,30962,29178,30562,29178,30790,29178,30792,29178,30564,29178,30820,29178,30822,29178,30566,29178,31018,29178,31020,29178,30568,29178,31006,29178,31008,29178,30502,29178,30712,29178,30714,29178,30416,29178,30504,29178,30718,29178,30720,29178,29180,29178,30692,29178,30694,29178,30506,29178,30862,29178,30864,29178,30508,29178,30926,29178,30928,29178,30510,29178,30706,29178,30708,29178,30512,29178,30802,29178,30804,29178,30514,29178,30888,29178,30890,29178,30516,29178,30988,29178,30990,29178,30518,29178,30774,29178,30776,29178,30520,29178,30726,29178,30728,29178,30572,29178,30878,29178,30880,29178,30418,29178,30574,29178,30838,29178,30840,29178,30576,29178,30784,29178,30786,29178,30578,29178,30908,29178,30910,29178,30580,29178,30936,29178,30938,29178,30582,29178,31012,29178,31014,29178,30584,29178,30902,29178,30904,29178,30586,29178,30764,29178,30766,29178,30588,29178,30978,29178,30980,29178,30590,29178,30796,29178,30798,29178,30592,29178,30740,29178,30742,29178,29176,29178,-995064,141430,31044,29178,31222,29178,-995072,141430,-995078,141430,-995060,141430,30920,29178,30922,29178,-995084,141430,31178,29178,31066,29178,-995092,141430,-995098,141430,30778,29178,30780,29178,-995104,141430,31064,29178,31174,29178,-995112,141430,-995118,141430,30940,29178,30942,29178,-995124,141430,31080,29178,31204,29178,-995132,141430,-995138,141430,30954,29178,30956,29178,-995144,141430,31048,29178,31228,29178,-995152,141430,-995158,141430,30912,29178,30914,29178,-995164,141430,31126,29178,31112,29178,-995172,141430,-995178,141430,30700,29178,30702,29178,-995184,141430,31054,29178,31230,29178,-995192,141430,-995198,141430,30896,29178,30898,29178,-995204,141430,31034,29178,31216,29178,-995212,141430,-995218,141430,30892,29178,30894,29178,-995224,141430,31154,29178,31098,29178,-995232,141430,-995238,141430,30734,29178,30736,29178,-995244,141430,31096,29178,31150,29178,-995252,141430,-995258,141430,30972,29178,30974,29178,-995264,141430,31170,29178,31062,29178,-995272,141430,-995278,141430,30824,29178,30826,29178,-995284,141430,31058,29178,31168,29178,-995292,141430,-995298,141430,30930,29178,30932,29178,-995304,141430,31050,29178,31226,29178,-995312,141430,-995318,141430,30916,29178,30918,29178,-995324,141430,31186,29178,31070,29178,-995332,141430,-995338,141430,30856,29178,30858,29178,-995344,141430,31144,29178,31092,29178,-995352,141430,-995358,141430,30744,29178,30746,29178,-995364,141430,31218,29178,31042,29178,-995372,141430,-995378,141430,30866,29178,30868,29178,-995384,141430,31192,29178,31074,29178,-995392,141430,-995398,141430,30852,29178,30854,29178,-995404,141430,31106,29178,31164,29178,-995412,141430,-995418,141430,30992,29178,30994,29178,-995424,141430,31208,29178,31084,29178,-995432,141430,-995438,141430,30832,29178,30834,29178,-995444,141430,31102,29178,31160,29178,-995452,141430,-995458,141430,30996,29178,30998,29178,-995464,141430,31158,29178,31104,29178,-995472,141430,-995478,141430,30758,29178,30760,29178,-995484,141430,31068,29178,31182,29178,-995492,141430,-995498,141430,30964,29178,30966,29178,-995504,141430,31078,29178,31198,29178,-995512,141430,-995518,141430,30950,29178,30952,29178,-995524,141430,31120,29178,31138,29178,-995532,141430,-995538,141430,31022,29178,31024,29178,-995544,141430,31220,29178,31046,29178,-995552,141430,-995558,141430,30882,29178,30884,29178,-995564,141430,31114,29178,31132,29178,-995572,141430,-995578,141430,31000,29178,31002,29178,-995584,141430,31156,29178,31100,29178,-995592,141430,-995598,141430,30768,29178,30770,29178,-995604,141430,31148,29178,31094,29178,-995612,141430,-995618,141430,30730,29178,30732,29178,-995624,141430,31190,29178,31076,29178,-995632,141430,-995638,141430,30848,29178,30850,29178,-995644,141430,31090,29178,31142,29178,-995652,141430,-995658,141430,30982,29178,30984,29178,-995664,141430,31072,29178,31194,29178,-995672,141430,-995678,141430,30968,29178,30970,29178,-995684,141430,31162,29178,31108,29178,-995692,141430,-995698,141430,30754,29178,30756,29178,-995704,141430,31206,29178,31086,29178,-995712,141430,-995718,141430,30828,29178,30830,29178,-995728,141430,31292,29178,31308,29178,-995736,141430,-995742,141430,-995724,141430,29296,29178,31214,29178,-995748,141430,31258,29178,31346,29178,-995756,141430,-995762,141430,29214,29178,31140,29178,-995768,141430,31272,29178,31324,29178,-995776,141430,-995782,141430,29356,29178,31200,29178,-995788,141430,31264,29178,31316,29178,-995796,141430,-995802,141430,29208,29178,31176,29178,-995808,141430,31274,29178,31328,29178,-995816,141430,-995822,141430,29366,29178,31210,29178,-995828,141430,31318,29178,31266,29178,-995836,141430,-995842,141430,29194,29178,31056,29178,-995848,141430,31322,29178,31268,29178,-995856,141430,-995862,141430,29266,29178,31060,29178,-995868,141430,31282,29178,31334,29178,-995876,141430,-995882,141430,29236,29178,31196,29178,-995888,141430,31278,29178,31330,29178,-995896,141430,-995902,141430,29256,29178,31202,29178,-995908,141430,31364,29178,31248,29178,-995916,141430,-995922,141430,29172,29178,31122,29178,-995928,141430,31366,29178,31250,29178,-995936,141430,-995942,141430,29202,29178,31116,29178,-995952,141430,31242,29178,31358,29178,-995960,141430,-995966,141430,-995948,141430,29362,29178,31128,29178,-995972,141430,31234,29178,31352,29178,-995980,141430,-995986,141430,29276,29178,31130,29178,-995992,141430,31246,29178,31362,29178,-996000,141430,-996006,141430,29360,29178,31136,29178,-996012,141430,31300,29178,31314,29178,-996020,141430,-996026,141430,29350,29178,31224,29178,-996032,141430,31302,29178,31288,29178,-996040,141430,-996046,141430,29242,29178,31038,29178,-996052,141430,31240,29178,31356,29178,-996060,141430,-996066,141430,29264,29178,31124,29178,-996072,141430,31286,29178,31336,29178,-996080,141430,-996086,141430,29200,29178,31184,29178,-996092,141430,31312,29178,31298,29178,-996100,141430,-996106,141430,29210,29178,31052,29178,-996112,141430,31344,29178,31256,29178,-996120,141430,-996126,141430,29186,29178,31088,29178,-996132,141430,31254,29178,31342,29178,-996140,141430,-996146,141430,29358,29178,31152,29178,-996152,141430,31236,29178,31354,29178,-996160,141430,-996166,141430,29342,29178,31134,29178,-996176,141430,31296,29178,31310,29178,-996184,141430,-996190,141430,-996172,141430,29206,29178,31212,29178,-996196,141430,31270,29178,31320,29178,-996204,141430,-996210,141430,29212,29178,31172,29178,-996216,141430,31280,29178,31332,29178,-996224,141430,-996230,141430,29368,29178,31180,29178,-996236,141430,31306,29178,31294,29178,-996244,141430,-996250,141430,29218,29178,31036,29178,-996256,141430,31326,29178,31276,29178,-996264,141430,-996270,141430,29354,29178,31082,29178,-996276,141430,31360,29178,31244,29178,-996284,141430,-996290,141430,29188,29178,31118,29178,-996296,141430,31304,29178,31290,29178,-996304,141430,-996310,141430,29370,29178,31028,29178,-996316,141430,31252,29178,31340,29178,-996324,141430,-996330,141430,29234,29178,31146,29178,-996336,141430,31350,29178,31262,29178,-996344,141430,-996350,141430,29292,29178,31110,29178,-996356,141430,31284,29178,31338,29178,-996364,141430,-996370,141430,29352,29178,31188,29178,-996376,141430,31260,29178,31348,29178,-996384,141430,-996390,141430,29204,29178,31166,29178,142806,141430,-996460,141208,-996466,141208,-996474,141208,141766,141208,140876,141208,-996548,141430,-996556,141430,-996562,141430,-996544,141430,-996568,141430,-996576,141430,-996582,141430,-996588,141430,-996596,141430,-996602,141430,-996608,141430,-996616,141430,-996622,141430,-996628,141430,-996636,141430,-996642,141430,-996648,141430,-996656,141430,-996662,141430,-996668,141430,-996676,141430,-996682,141430,-996688,141430,-996696,141430,-996702,141430,-996708,141430,-996716,141430,-996722,141430,-996728,141430,-996736,141430,-996742,141430,-996748,141430,-996756,141430,-996762,141430,-996768,141430,-996776,141430,-996782,141430,-996788,141430,-996796,141430,-996802,141430,-996808,141430,-996816,141430,-996822,141430,-996828,141430,-996836,141430,-996842,141430,-996848,141430,-996856,141430,-996862,141430,-996868,141430,-996876,141430,-996882,141430,-996888,141430,-996896,141430,-996902,141430,-996908,141430,-996916,141430,-996922,141430,-996928,141430,-996936,141430,-996942,141430,-996948,141430,-996956,141430,-996962,141430,-996968,141430,-996976,141430,-996982,141430,-996988,141430,-996996,141430,-997002,141430,-997008,141430,-997016,141430,-997022,141430,-997028,141430,-997036,141430,-997042,141430,-997048,141430,-997056,141430,-997062,141430,-997068,141430,-997076,141430,-997082,141430,-997088,141430,-997096,141430,-997102,141430,-997108,141430,-997116,141430,-997122,141430,-997128,141430,-997136,141430,-997142,141430,-997148,141430,-997156,141430,-997162,141430,-997168,141430,-997176,141430,-997182,141430,-997188,141430,-997196,141430,-997202,141430,-997212,141430,-997218,141430,-997224,141430,-997208,141430,-997230,141430,-997236,141430,-997242,141430,-997248,141430,-997254,141430,-997260,141430,-997266,141430,-997272,141430,-997278,141430,-997284,141430,-997290,141430,-997296,141430,-997302,141430,-997308,141430,-997314,141430,-997320,141430,-997326,141430,-997332,141430,-997338,141430,-997344,141430,-997350,141430,-997356,141430,-997362,141430,-997368,141430,-997374,141430,-997380,141430,-997386,141430,-997392,141430,-997398,141430,-997404,141430,-997414,141430,-997420,141430,-997426,141430,-997410,141430,-997432,141430,-997438,141430,-997444,141430,142428,141430,-997454,141430,-997460,141430,-997466,141430,-997472,141430,-997478,141430,-997484,141430,-997490,141430,-997496,141430,-997502,141430,-997508,141430,-997514,141430,-997520,141430,-997526,141430,-997532,141430,-997538,141430,-997544,141430,-997550,141430,-997556,141430,-997562,141430,-997568,141430,-997574,141430,-997580,141430,-997586,141430,-997592,141430,-997598,141430,-997604,141430,-997614,141430,-997620,141430,-997626,141430,-997610,141430,-997632,141430,-997638,141430,-997644,141430,-997650,141430,-997656,141430,-997662,141430,-997668,141430,-997674,141430,-997680,141430,-997686,141430,-997692,141430,-997698,141430,-997704,141430,-997710,141430,-997716,141430,-997722,141430,-997728,141430,-997734,141430,-997740,141430,-997746,141430,-997752,141430,-997758,141430,-997764,141430,-997770,141430,-997776,141430,-997782,141430,-997788,141430,-997794,141430,-997800,141430,-997806,141430,141486,141430,142528,141430,141988,141430,142490,141430,142316,141430,141428,141430,141722,141430,140890,141430,141008,141430,140706,141430,142478,141430,142256,141430,140934,141430,141010,141430,142662,141430,141058,141430,142386,141430,140726,141430,142664,141430,141358,141430,142010,141430,142372,141430,140932,141430,142230,141430,141012,141430,142468,141430,140994,141430,142628,141430,140840,141430,141762,141430,141366,141430,141710,141430,140490,141430,140924,141430,-996518,141208,-996526,141208,-996534,141208,140958,141208,-994852,141208,-994860,141208,-994868,141208,142198,141208,-995012,141208,-995020,141208,-995028,141208,140638,141208,29820,29818,29222,29818,29826,29824,29224,29824,-996480,142236,-996496,142236,-996500,142236,-996490,142236,-996508,142236,142238,142236,29310,29304,29306,29304,31368,29304,-994808,-994806,29308,29304,31372,29304,29300,29304,29274,29304,141986,-994806,-994810,-994806,-994818,-994806]]}],"project-settings":[{"id":-1,"assetBundleId":-2,"data":[[["UnityEngine.U2D.CinemachinePixelPerfect",-1],["UnityEngine.EventSystems.EventSystem",-1000],["UnityEngine.UI.ToggleGroup",10],["TMPro.TextMeshPro",-105],["TMPro.TextMeshProUGUI",-100],["TMPro.TextContainer",-110]],[[-2097758315,"Background",-1],[0,"Default",0]],[[0,"Default"],[1,"TransparentFX"],[2,"Ignore Raycast"],[4,"Water"],[5,"UI"]],[0.0199999995529652,0.333333343267441,1,0.0299999993294477],[0,-9.8100004196167,0,6,2,0,1,[[0,0,0],[0,0,1],[0,0,2],[0,0,4],[0,0,5],[0,1,0],[0,1,1],[0,1,2],[0,1,4],[0,1,5],[0,2,0],[0,2,1],[0,2,2],[0,2,4],[0,2,5],[0,4,0],[0,4,1],[0,4,2],[0,4,4],[0,4,5],[0,5,0],[0,5,1],[0,5,2],[0,5,4],[0,5,5]]],[null,null,0,-9.8100004196167,3,8,1,0.200000002980232,8,100,360,0.200000002980232,0.75,0.5,0.00999999977648258,2,0.00999999977648258,1,1,1,1,1,0,[[0,0,0],[0,0,1],[0,0,2],[0,0,4],[1,0,5],[0,1,0],[0,1,1],[0,1,2],[0,1,4],[0,1,5],[0,2,0],[0,2,1],[0,2,2],[0,2,4],[0,2,5],[0,4,0],[0,4,1],[0,4,2],[0,4,4],[0,4,5],[1,5,0],[0,5,1],[0,5,2],[0,5,4],[0,5,5]]],[[[[],["Very Low","Low","Medium","High","Very High","Ultra"],0,0,0,0.300000011920929,1,15,0,1,0,0,0,0,0,1,2,4,0,0,0.333333343267441,0.0666666701436043,0.200000002980232,0.466666668653488,0,0,16,2,0,3,512,0,1,2,512,1,1024,0],[[],["Very Low","Low","Medium","High","Very High","Ultra"],0,0,0,0.400000005960464,1,20,0,1,0,0,0,0,0,0,2,16,0,0,0.333333343267441,0.0666666701436043,0.200000002980232,0.466666668653488,0,0,16,2,0,3,512,0,1,2,512,1,1024,1],[[],["Very Low","Low","Medium","High","Very High","Ultra"],1,1,0,0.699999988079071,1,20,0,1,0,0,0,0,0,0,2,64,1,0,0.333333343267441,0.0666666701436043,0.200000002980232,0.466666668653488,0,1,16,2,0,3,512,0,1,2,512,1,1024,2],[[],["Very Low","Low","Medium","High","Very High","Ultra"],2,1,0,1,2,40,1,1,1,0,1,0,0,0,2,256,2,1,0.333333343267441,0.0666666701436043,0.200000002980232,0.466666668653488,0,1,16,2,1,3,512,0,1,2,512,1,1024,3],[[],["Very Low","Low","Medium","High","Very High","Ultra"],2,2,2,1.5,2,70,1,1,2,1,1,0,0,0,2,1024,3,1,0.333333343267441,0.0666666701436043,0.200000002980232,0.466666668653488,0,1,16,2,1,3,512,0,1,2,512,1,1024,4],[[],["Very Low","Low","Medium","High","Very High","Ultra"],2,2,2,2,4,150,1,1,2,1,1,0,0,0,2,4096,4,1,0.333333343267441,0.0666666701436043,0.200000002980232,0.466666668653488,0,1,16,2,1,3,512,0,1,2,512,1,1024,5]],["Very Low","Low","Medium","High","Very High","Ultra"],2,2,2,2,4,150,1,1,2,1,1,0,0,0,2,4096,4,1,0.333333343267441,0.0666666701436043,0.200000002980232,0.466666668653488,0,1,16,2,1,3,512,0,1,2,512,1,1024,5],0,0,0,2,0,["Untagged","Respawn","Finish","EditorOnly","MainCamera","Player","GameController","ReplaceMe"]]}]}