{"materials":[{"id":470,"path":"Resources/unity_builtin_extra\\Sprites-Default","assetBundleId":-2,"data":["Sprites-Default",5,26,3000,0,[["PixelSnap",0],["_EnableExternalAlpha",0]],[["_Color",1,1,1,1],["_RendererColor",1,1,1,1]],[["_MainTex_ST",1,1,0,0],["_Flip",1,1,1,1],["_AlphaTex_ST",1,1,0,0]],[["_MainTex",null,null],["_AlphaTex",null,null]],[]]}],"shaders":[{"id":26,"assetBundleId":-2,"data":[[],"Sprites/Default",null,["PIXELSNAP_ON","ETC1_EXTERNAL_ALPHA","INSTANCING_ON","STEREO_CUBEMAP_RENDER_ON","STEREO_INSTANCING_ON","STEREO_MULTIVIEW_ON","UNITY_SINGLE_PASS_STEREO","_","__"],[[0,0,"",0,"",0,[4,null],[0,null],[0,null],[[1,null],[10,null],[0,null]],[[1,null],[10,null],[0,null]],[15,null],[0,null],[0,null],[0,null],[255,null],[255,null],[[0,null],[0,null],[0,null],[8,null]],[[0,null],[0,null],[0,null],[8,null]],[[0,null],[0,null],[0,null],[8,null]],[["CanUseSpriteAtlas","true"],["IGNOREPROJECTOR","true"],["PreviewType","Plane"],["QUEUE","Transparent"],["RenderType","Transparent"]],["ETC1_EXTERNAL_ALPHA","INSTANCING_ON","PIXELSNAP_ON","STEREO_CUBEMAP_RENDER_ON","STEREO_INSTANCING_ON","STEREO_MULTIVIEW_ON","UNITY_SINGLE_PASS_STEREO","_","__"],[],[[0,0,[],0,1,0,0],[0,0,[],2,3,1,0]],[],0]],[],[["_MainTex",4,0,0,0,0,"white",2],["_Color",0,1,1,1,1,"",0],["PixelSnap",2,0,0,0,0,"",0],["_RendererColor",0,1,1,1,1,"",1],["_Flip",1,1,1,1,1,"",1],["_AlphaTex",4,0,0,0,0,"white",2],["_EnableExternalAlpha",2,0,0,0,0,"",2]],null,null,0,0,0]},{"id":28,"assetBundleId":-2,"data":[[],"UI/Default",null,["UNITY_UI_ALPHACLIP","UNITY_UI_CLIP_RECT","STEREO_CUBEMAP_RENDER_ON","STEREO_INSTANCING_ON","STEREO_MULTIVIEW_ON","UNITY_SINGLE_PASS_STEREO","_"],[[0,0,"Default",0,"",0,[0,"unity_GUIZTestMode"],[0,null],[0,null],[[1,null],[10,null],[0,null]],[[1,null],[10,null],[0,null]],[0,"_ColorMask"],[0,null],[0,null],[0,"_Stencil"],[0,"_StencilReadMask"],[0,"_StencilWriteMask"],[[0,"_StencilOp"],[0,null],[0,null],[0,"_StencilComp"]],[[0,null],[0,null],[0,null],[8,null]],[[0,null],[0,null],[0,null],[8,null]],[["CanUseSpriteAtlas","true"],["IGNOREPROJECTOR","true"],["PreviewType","Plane"],["QUEUE","Transparent"],["RenderType","Transparent"]],["STEREO_CUBEMAP_RENDER_ON","STEREO_INSTANCING_ON","STEREO_MULTIVIEW_ON","UNITY_SINGLE_PASS_STEREO","UNITY_UI_ALPHACLIP","UNITY_UI_CLIP_RECT","_"],[],[[0,0,[],4,5,0,0],[0,0,[],6,7,1,0],[0,0,["UNITY_UI_ALPHACLIP"],4,8,0,0],[0,0,["UNITY_UI_ALPHACLIP"],6,9,1,0]],[],0]],[],[["_MainTex",4,0,0,0,0,"white",2],["_Color",0,1,1,1,1,"",0],["_StencilComp",2,8,0,0,0,"",0],["_Stencil",2,0,0,0,0,"",0],["_StencilOp",2,0,0,0,0,"",0],["_StencilWriteMask",2,255,0,0,0,"",0],["_StencilReadMask",2,255,0,0,0,"",0],["_ColorMask",2,15,0,0,0,"",0],["_UseUIAlphaClip",2,0,0,0,0,"",0]],null,null,0,0,0]},{"id":48,"assetBundleId":-2,"data":[[],"Hidden/BlitCopy",null,["STEREO_CUBEMAP_RENDER_ON","STEREO_INSTANCING_ON","STEREO_MULTIVIEW_ON","UNITY_SINGLE_PASS_STEREO"],[[0,0,"",0,"",0,[8,null],[0,null],[0,null],[[1,null],[0,null],[0,null]],[[1,null],[0,null],[0,null]],[15,null],[0,null],[0,null],[0,null],[255,null],[255,null],[[0,null],[0,null],[0,null],[8,null]],[[0,null],[0,null],[0,null],[8,null]],[[0,null],[0,null],[0,null],[8,null]],[],["STEREO_CUBEMAP_RENDER_ON","STEREO_INSTANCING_ON","STEREO_MULTIVIEW_ON","UNITY_SINGLE_PASS_STEREO"],[],[],[],0]],[],[["_MainTex",4,0,0,0,0,"",0],["_Color",0,1,1,1,1,"",0]],null,null,0,0,0]}],"sprites":[{"id":704,"path":"Resources/unity_builtin_extra\\UISprite","assetBundleId":-2,"data":["UISprite",6,702,[0,0,0,0.08,0.08,0],[0.05,0.08,0,0.8125,1,0.08,-0.08,0,1,0,0.08,0.075,0,1,0.96875,-0.07,0.08,0,0.0625,1,-0.075,-0.08,0,0.03124997,0,-0.08,0.07,0,0,0.9375,-0.08,-0.05,0,0,0.1875],[6,5,4,3,4,5,1,4,3,0,1,3,2,1,0],-0.000835968181490898,-0.00160364620387554,0.999164044857025,0.998396337032318,0,0,1,1,0.3125,0.3125,0.3125,0.3125,[0,0,0,0],[-0.08,-0.08,0.08,0.08],200,32,32,32,32,16,16,0.0267509818077087,0.0513166785240173]},{"id":708,"path":"Resources/unity_builtin_extra\\Background","assetBundleId":-2,"data":["Background",6,706,[0,0,0,0.08,0.08,0],[0.05,0.08,0,0.8125,1,0.08,-0.08,0,1,0,0.08,0.075,0,1,0.96875,-0.07,0.08,0,0.0625,1,-0.075,-0.08,0,0.03124997,0,-0.08,0.07,0,0,0.9375,-0.08,-0.05,0,0,0.1875],[6,5,4,3,4,5,1,4,3,0,1,3,2,1,0],-0.000835968181490898,-0.00160364620387554,0.999164044857025,0.998396337032318,0,0,1,1,0.3125,0.3125,0.3125,0.3125,[0,0,0,0],[-0.08,-0.08,0.08,0.08],200,32,32,32,32,16,16,0.0267509818077087,0.0513166785240173]}],"textures":[{"id":702,"type":0,"path":"Resources/unity_builtin_extra\\UISprite","assetBundleId":-2,"data":["UISprite",32,32,6,16,1,0,4,1,1,1,8,0,0,1,1]},{"id":706,"type":0,"path":"Resources/unity_builtin_extra\\Background","assetBundleId":-2,"data":["Background",32,32,6,16,1,0,4,1,1,1,8,0,0,1,1]}],"resources":[{"id":0,"assetBundleId":-2,"data":[[["unity_builtin_extra",5,26],["unity_builtin_extra",3,470],["unity_builtin_extra",6,702],["unity_builtin_extra",4,704],["unity_builtin_extra",6,706],["unity_builtin_extra",4,708],["unity_builtin_extra",5,28],["dotweensettings",69,25314],["fonts & materials/liberationsans sdf",6,25304],["fonts & materials/liberationsans sdf",3,25302],["fonts & materials/liberationsans sdf - fallback",6,25150],["fonts & materials/liberationsans sdf - fallback",3,25148],["fonts & materials/liberationsans sdf - fallback",28,25146],["fonts & materials/liberationsans sdf",28,25300],["sprite assets/emojione",3,30468],["sprite assets/emojione",71,25138],["style sheets/default style sheet",72,25308],["linebreaking leading characters",73,30464],["linebreaking following characters",73,30466],["tmp settings",70,25278]],[30374,27872,30376,27872,27866,27872,27864,27872,30378,27872,27748,27872,-8252,31570,30392,27872,27868,27872,27874,27872,30390,27872,-8258,31570,-8264,31570,-8270,31570,-8276,31570,30868,31570,30388,27872,27920,27914,27918,27914,27906,27914,27908,27914,30322,27914,30316,27914,27910,27914,30258,27972,30364,27914,30302,27972,27962,27972,27958,27972,30366,27914,30300,27972,30304,27972,30244,27972,27916,27914,27912,27914,27934,27972,30260,27972,30282,27972,30292,27972,30294,27972,30280,27972,30284,27972,27966,27972,30246,27972,30288,27972,30306,27972,30308,27972,30286,27972,30290,27972,27968,27972,30232,27972,27964,27972,27844,27972,27960,27972,30224,27972,30226,27972,-11178,33262,30362,27972,-11196,33262,-11200,33262,-11204,33262,30356,27972,-11190,33262,-11208,33262,-11172,33262,30272,27972,30274,27972,32750,33262,30276,27972,30278,27972,-11212,33262,30346,27972,-11232,33262,-11236,33262,-11240,33262,30358,27972,-11226,33262,-11244,33262,30262,27972,30264,27972,-11216,33262,30266,27972,30268,27972,-11248,33262,30352,27972,-11268,33262,-11272,33262,-11276,33262,30360,27972,-11262,33262,-11280,33262,30248,27972,30250,27972,-11252,33262,30252,27972,30254,27972,-11168,33262,30296,27972,30298,27972,33258,33262,27978,27972,30270,27972,27846,27972,32184,33262,27970,27972,33270,33262,-11158,33262,32188,33262,-11160,33262,30228,27972,30230,27972,27848,27972,32186,33262,33260,33262,29150,27750,29154,27750,29156,27750,27766,27750,-9654,31676,29162,27750,27932,27750,29164,27750,29166,27750,-9660,31676,-9668,31676,32966,31676,29158,27750,27774,27750,29148,27750,31600,31676,29170,27854,29174,27854,29176,27854,29178,27854,29180,27854,27826,27854,-9620,31928,29198,27854,29200,27854,29196,27854,29194,27854,-9628,31928,-9634,31928,-9640,31928,-9646,31928,31876,31928,29190,27854,29192,27854,29016,28430,29034,28430,29036,28430,29038,28430,29018,28430,29014,28430,28432,28430,28380,28430,28404,28402,27806,28402,-11098,31928,-11106,31928,-11112,31928,-11118,31928,-11124,31928,32558,31928,-9738,31676,-9744,31676,-9752,31676,32728,31676,31294,31676,29276,29554,29552,29554,29578,29554,29204,27760,30088,29554,30094,29554,29286,27760,29288,27760,29202,27760,29886,29554,29882,29554,29206,27760,29524,27760,29526,27760,29208,27760,29340,27760,29342,27760,29210,27760,29316,27760,29318,27760,29212,27760,29292,27760,29294,27760,29214,27760,29452,27760,29454,27760,29216,27760,29280,27760,29282,27760,29218,27760,29304,27760,29306,27760,29220,27760,29482,27760,29484,27760,29222,27760,29380,27760,29382,27760,29224,27760,29530,27760,29532,27760,29226,27760,29334,27760,29336,27760,29228,27760,29298,27760,29300,27760,29230,27760,29506,27760,29508,27760,29232,27760,29488,27760,29490,27760,29234,27760,29542,27760,29544,27760,29236,27760,29518,27760,29520,27760,29238,27760,29346,27760,29348,27760,29240,27760,29500,27760,29502,27760,29242,27760,29352,27760,29354,27760,29244,27760,29470,27760,29472,27760,29246,27760,29322,27760,29324,27760,29248,27760,29310,27760,29312,27760,29250,27760,29392,27760,29394,27760,29252,27760,29536,27760,29538,27760,29254,27760,29398,27760,29400,27760,29256,27760,29464,27760,29466,27760,29258,27760,29476,27760,29478,27760,29260,27760,29512,27760,29514,27760,29262,27760,29386,27760,29388,27760,29264,27760,29328,27760,29330,27760,29266,27760,29458,27760,29460,27760,29268,27760,29494,27760,29496,27760,29404,27760,29728,27760,29730,27760,29270,27760,29406,27760,29606,27760,29608,27760,29408,27760,29664,27760,29666,27760,29410,27760,29700,27760,29702,27760,29412,27760,29670,27760,29672,27760,29414,27760,29802,27760,29804,27760,29416,27760,29816,27760,29818,27760,29418,27760,29646,27760,29648,27760,29420,27760,29676,27760,29678,27760,29422,27760,29874,27760,29876,27760,29424,27760,29862,27760,29864,27760,29358,27760,29568,27760,29570,27760,29272,27760,29360,27760,29574,27760,29576,27760,27762,27760,29548,27760,29550,27760,29362,27760,29718,27760,29720,27760,29364,27760,29782,27760,29784,27760,29366,27760,29562,27760,29564,27760,29368,27760,29658,27760,29660,27760,29370,27760,29744,27760,29746,27760,29372,27760,29844,27760,29846,27760,29374,27760,29630,27760,29632,27760,29376,27760,29582,27760,29584,27760,29428,27760,29734,27760,29736,27760,29274,27760,29430,27760,29694,27760,29696,27760,29432,27760,29640,27760,29642,27760,29434,27760,29764,27760,29766,27760,29436,27760,29792,27760,29794,27760,29438,27760,29868,27760,29870,27760,29440,27760,29758,27760,29760,27760,29442,27760,29620,27760,29622,27760,29444,27760,29834,27760,29836,27760,29446,27760,29652,27760,29654,27760,29448,27760,29596,27760,29598,27760,27758,27760,-9764,31898,29900,27760,30078,27760,-9772,31898,-9778,31898,-9760,31898,29776,27760,29778,27760,-9784,31898,30034,27760,29922,27760,-9792,31898,-9798,31898,29634,27760,29636,27760,-9804,31898,29920,27760,30030,27760,-9812,31898,-9818,31898,29796,27760,29798,27760,-9824,31898,29936,27760,30060,27760,-9832,31898,-9838,31898,29810,27760,29812,27760,-9844,31898,29904,27760,30084,27760,-9852,31898,-9858,31898,29768,27760,29770,27760,-9864,31898,29982,27760,29968,27760,-9872,31898,-9878,31898,29556,27760,29558,27760,-9884,31898,29910,27760,30086,27760,-9892,31898,-9898,31898,29752,27760,29754,27760,-9904,31898,29890,27760,30072,27760,-9912,31898,-9918,31898,29748,27760,29750,27760,-9924,31898,30010,27760,29954,27760,-9932,31898,-9938,31898,29590,27760,29592,27760,-9944,31898,29952,27760,30006,27760,-9952,31898,-9958,31898,29828,27760,29830,27760,-9964,31898,30026,27760,29918,27760,-9972,31898,-9978,31898,29680,27760,29682,27760,-9984,31898,29914,27760,30024,27760,-9992,31898,-9998,31898,29786,27760,29788,27760,-10004,31898,29906,27760,30082,27760,-10012,31898,-10018,31898,29772,27760,29774,27760,-10024,31898,30042,27760,29926,27760,-10032,31898,-10038,31898,29712,27760,29714,27760,-10044,31898,30000,27760,29948,27760,-10052,31898,-10058,31898,29600,27760,29602,27760,-10064,31898,30074,27760,29898,27760,-10072,31898,-10078,31898,29722,27760,29724,27760,-10084,31898,30048,27760,29930,27760,-10092,31898,-10098,31898,29708,27760,29710,27760,-10104,31898,29962,27760,30020,27760,-10112,31898,-10118,31898,29848,27760,29850,27760,-10124,31898,30064,27760,29940,27760,-10132,31898,-10138,31898,29688,27760,29690,27760,-10144,31898,29958,27760,30016,27760,-10152,31898,-10158,31898,29852,27760,29854,27760,-10164,31898,30014,27760,29960,27760,-10172,31898,-10178,31898,29614,27760,29616,27760,-10184,31898,29924,27760,30038,27760,-10192,31898,-10198,31898,29820,27760,29822,27760,-10204,31898,29934,27760,30054,27760,-10212,31898,-10218,31898,29806,27760,29808,27760,-10224,31898,29976,27760,29994,27760,-10232,31898,-10238,31898,29878,27760,29880,27760,-10244,31898,30076,27760,29902,27760,-10252,31898,-10258,31898,29738,27760,29740,27760,-10264,31898,29970,27760,29988,27760,-10272,31898,-10278,31898,29856,27760,29858,27760,-10284,31898,30012,27760,29956,27760,-10292,31898,-10298,31898,29624,27760,29626,27760,-10304,31898,30004,27760,29950,27760,-10312,31898,-10318,31898,29586,27760,29588,27760,-10324,31898,30046,27760,29932,27760,-10332,31898,-10338,31898,29704,27760,29706,27760,-10344,31898,29946,27760,29998,27760,-10352,31898,-10358,31898,29838,27760,29840,27760,-10364,31898,29928,27760,30050,27760,-10372,31898,-10378,31898,29824,27760,29826,27760,-10384,31898,30018,27760,29964,27760,-10392,31898,-10398,31898,29610,27760,29612,27760,-10404,31898,30062,27760,29942,27760,-10412,31898,-10418,31898,29684,27760,29686,27760,-10428,31898,30148,27760,30164,27760,-10436,31898,-10442,31898,-10424,31898,27882,27760,30070,27760,-10448,31898,30114,27760,30202,27760,-10456,31898,-10462,31898,27798,27760,29996,27760,-10468,31898,30128,27760,30180,27760,-10476,31898,-10482,31898,27942,27760,30056,27760,-10488,31898,30120,27760,30172,27760,-10496,31898,-10502,31898,27792,27760,30032,27760,-10508,31898,30130,27760,30184,27760,-10516,31898,-10522,31898,27952,27760,30066,27760,-10528,31898,30174,27760,30122,27760,-10536,31898,-10542,31898,27776,27760,29912,27760,-10548,31898,30178,27760,30124,27760,-10556,31898,-10562,31898,27852,27760,29916,27760,-10568,31898,30138,27760,30190,27760,-10576,31898,-10582,31898,27822,27760,30052,27760,-10588,31898,30134,27760,30186,27760,-10596,31898,-10602,31898,27842,27760,30058,27760,-10608,31898,30220,27760,30104,27760,-10616,31898,-10622,31898,27752,27760,29978,27760,-10628,31898,30222,27760,30106,27760,-10636,31898,-10642,31898,27786,27760,29972,27760,-10652,31898,30098,27760,30214,27760,-10660,31898,-10666,31898,-10648,31898,27948,27760,29984,27760,-10672,31898,30090,27760,30208,27760,-10680,31898,-10686,31898,27862,27760,29986,27760,-10692,31898,30102,27760,30218,27760,-10700,31898,-10706,31898,27946,27760,29992,27760,-10712,31898,30156,27760,30170,27760,-10720,31898,-10726,31898,27936,27760,30080,27760,-10732,31898,30158,27760,30144,27760,-10740,31898,-10746,31898,27828,27760,29894,27760,-10752,31898,30096,27760,30212,27760,-10760,31898,-10766,31898,27850,27760,29980,27760,-10772,31898,30142,27760,30192,27760,-10780,31898,-10786,31898,27782,27760,30040,27760,-10792,31898,30168,27760,30154,27760,-10800,31898,-10806,31898,27794,27760,29908,27760,-10812,31898,30200,27760,30112,27760,-10820,31898,-10826,31898,27768,27760,29944,27760,-10832,31898,30110,27760,30198,27760,-10840,31898,-10846,31898,27944,27760,30008,27760,-10852,31898,30092,27760,30210,27760,-10860,31898,-10866,31898,27928,27760,29990,27760,-10876,31898,30152,27760,30166,27760,-10884,31898,-10890,31898,-10872,31898,27790,27760,30068,27760,-10896,31898,30126,27760,30176,27760,-10904,31898,-10910,31898,27796,27760,30028,27760,-10916,31898,30136,27760,30188,27760,-10924,31898,-10930,31898,27954,27760,30036,27760,-10936,31898,30162,27760,30150,27760,-10944,31898,-10950,31898,27804,27760,29892,27760,-10956,31898,30182,27760,30132,27760,-10964,31898,-10970,31898,27940,27760,29938,27760,-10976,31898,30216,27760,30100,27760,-10984,31898,-10990,31898,27770,27760,29974,27760,-10996,31898,30160,27760,30146,27760,-11004,31898,-11010,31898,27956,27760,29884,27760,-11016,31898,30108,27760,30196,27760,-11024,31898,-11030,31898,27820,27760,30002,27760,-11036,31898,30206,27760,30118,27760,-11044,31898,-11050,31898,27878,27760,29966,27760,-11056,31898,30140,27760,30194,27760,-11064,31898,-11070,31898,27938,27760,30044,27760,-11076,31898,30116,27760,30204,27760,-11084,31898,-11090,31898,27788,27760,30022,27760,33286,31898,-8328,31676,-8334,31676,-8342,31676,32234,31676,31344,31676,-8356,31898,-8364,31898,-8370,31898,-8352,31898,-8376,31898,-8384,31898,-8390,31898,-8396,31898,-8404,31898,-8410,31898,-8416,31898,-8424,31898,-8430,31898,-8436,31898,-8444,31898,-8450,31898,-8456,31898,-8464,31898,-8470,31898,-8476,31898,-8484,31898,-8490,31898,-8496,31898,-8504,31898,-8510,31898,-8516,31898,-8524,31898,-8530,31898,-8536,31898,-8544,31898,-8550,31898,-8556,31898,-8564,31898,-8570,31898,-8576,31898,-8584,31898,-8590,31898,-8596,31898,-8604,31898,-8610,31898,-8616,31898,-8624,31898,-8630,31898,-8636,31898,-8644,31898,-8650,31898,-8656,31898,-8664,31898,-8670,31898,-8676,31898,-8684,31898,-8690,31898,-8696,31898,-8704,31898,-8710,31898,-8716,31898,-8724,31898,-8730,31898,-8736,31898,-8744,31898,-8750,31898,-8756,31898,-8764,31898,-8770,31898,-8776,31898,-8784,31898,-8790,31898,-8796,31898,-8804,31898,-8810,31898,-8816,31898,-8824,31898,-8830,31898,-8836,31898,-8844,31898,-8850,31898,-8856,31898,-8864,31898,-8870,31898,-8876,31898,-8884,31898,-8890,31898,-8896,31898,-8904,31898,-8910,31898,-8916,31898,-8924,31898,-8930,31898,-8936,31898,-8944,31898,-8950,31898,-8956,31898,-8964,31898,-8970,31898,-8976,31898,-8984,31898,-8990,31898,-8996,31898,-9004,31898,-9010,31898,-9020,31898,-9026,31898,-9032,31898,-9016,31898,-9038,31898,-9044,31898,-9050,31898,-9056,31898,-9062,31898,-9068,31898,-9074,31898,-9080,31898,-9086,31898,-9092,31898,-9098,31898,-9104,31898,-9110,31898,-9116,31898,-9122,31898,-9128,31898,-9134,31898,-9140,31898,-9146,31898,-9152,31898,-9158,31898,-9164,31898,-9170,31898,-9176,31898,-9182,31898,-9188,31898,-9194,31898,-9200,31898,-9206,31898,-9212,31898,-9222,31898,-9228,31898,-9234,31898,-9218,31898,-9240,31898,-9246,31898,-9252,31898,32896,31898,-9262,31898,-9268,31898,-9274,31898,-9280,31898,-9286,31898,-9292,31898,-9298,31898,-9304,31898,-9310,31898,-9316,31898,-9322,31898,-9328,31898,-9334,31898,-9340,31898,-9346,31898,-9352,31898,-9358,31898,-9364,31898,-9370,31898,-9376,31898,-9382,31898,-9388,31898,-9394,31898,-9400,31898,-9406,31898,-9412,31898,-9422,31898,-9428,31898,-9434,31898,-9418,31898,-9440,31898,-9446,31898,-9452,31898,-9458,31898,-9464,31898,-9470,31898,-9476,31898,-9482,31898,-9488,31898,-9494,31898,-9500,31898,-9506,31898,-9512,31898,-9518,31898,-9524,31898,-9530,31898,-9536,31898,-9542,31898,-9548,31898,-9554,31898,-9560,31898,-9566,31898,-9572,31898,-9578,31898,-9584,31898,-9590,31898,-9596,31898,-9602,31898,-9608,31898,-9614,31898,31954,31898,32996,31898,32456,31898,32958,31898,32784,31898,31896,31898,32190,31898,31358,31898,31476,31898,31174,31898,32946,31898,32724,31898,31402,31898,31478,31898,33142,31898,31526,31898,32854,31898,31194,31898,33144,31898,31826,31898,32478,31898,32840,31898,31400,31898,32698,31898,31480,31898,32936,31898,31462,31898,33106,31898,31308,31898,32230,31898,31834,31898,32178,31898,30958,31898,31392,31898,-8286,31676,-8294,31676,-8302,31676,31426,31676,-9712,31676,-9720,31676,-9728,31676,32666,31676,-11134,31676,-11142,31676,-11150,31676,31106,31676,28410,28408,27808,28408,28416,28414,27810,28414,-9674,32704,-9690,32704,-9694,32704,-9684,32704,-9702,32704,32706,32704,27896,27890,27892,27890,30398,27890,-8310,-8308,27894,27890,30402,27890,27886,27890,27860,27890,32454,-8308,-8312,-8308,-8320,-8308]]}],"project-settings":[{"id":-1,"assetBundleId":-2,"data":[[["UnityEngine.U2D.CinemachinePixelPerfect",-1],["UnityEngine.EventSystems.EventSystem",-1000],["UnityEngine.UI.ToggleGroup",10],["TMPro.TextMeshPro",-105],["TMPro.TextMeshProUGUI",-100],["TMPro.TextContainer",-110]],[[-2097758315,"Background",-1],[0,"Default",0]],[[0,"Default"],[1,"TransparentFX"],[2,"Ignore Raycast"],[4,"Water"],[5,"UI"]],[0.0199999995529652,0.333333343267441,1,0.0299999993294477],[0,-9.8100004196167,0,6,2,0,1,[[0,0,0],[0,0,1],[0,0,2],[0,0,4],[0,0,5],[0,1,0],[0,1,1],[0,1,2],[0,1,4],[0,1,5],[0,2,0],[0,2,1],[0,2,2],[0,2,4],[0,2,5],[0,4,0],[0,4,1],[0,4,2],[0,4,4],[0,4,5],[0,5,0],[0,5,1],[0,5,2],[0,5,4],[0,5,5]]],[null,null,0,-9.8100004196167,3,8,1,0.200000002980232,8,100,360,0.200000002980232,0.75,0.5,0.00999999977648258,2,0.00999999977648258,1,1,1,1,1,0,[[0,0,0],[0,0,1],[0,0,2],[0,0,4],[1,0,5],[0,1,0],[0,1,1],[0,1,2],[0,1,4],[0,1,5],[0,2,0],[0,2,1],[0,2,2],[0,2,4],[0,2,5],[0,4,0],[0,4,1],[0,4,2],[0,4,4],[0,4,5],[1,5,0],[0,5,1],[0,5,2],[0,5,4],[0,5,5]]],[[[[],["Very Low","Low","Medium","High","Very High","Ultra"],0,0,0,0.300000011920929,1,15,0,1,0,0,0,0,0,1,2,4,0,0,0.333333343267441,0.0666666701436043,0.200000002980232,0.466666668653488,0,0,16,2,0,3,512,0,1,2,512,1,1024,0],[[],["Very Low","Low","Medium","High","Very High","Ultra"],0,0,0,0.400000005960464,1,20,0,1,0,0,0,0,0,0,2,16,0,0,0.333333343267441,0.0666666701436043,0.200000002980232,0.466666668653488,0,0,16,2,0,3,512,0,1,2,512,1,1024,1],[[],["Very Low","Low","Medium","High","Very High","Ultra"],1,1,0,0.699999988079071,1,20,0,1,0,0,0,0,0,0,2,64,1,0,0.333333343267441,0.0666666701436043,0.200000002980232,0.466666668653488,0,1,16,2,0,3,512,0,1,2,512,1,1024,2],[[],["Very Low","Low","Medium","High","Very High","Ultra"],2,1,0,1,2,40,1,1,1,0,1,0,0,0,2,256,2,1,0.333333343267441,0.0666666701436043,0.200000002980232,0.466666668653488,0,1,16,2,1,3,512,0,1,2,512,1,1024,3],[[],["Very Low","Low","Medium","High","Very High","Ultra"],2,2,2,1.5,2,70,1,1,2,1,1,0,0,0,2,1024,3,1,0.333333343267441,0.0666666701436043,0.200000002980232,0.466666668653488,0,1,16,2,1,3,512,0,1,2,512,1,1024,4],[[],["Very Low","Low","Medium","High","Very High","Ultra"],2,2,2,2,4,150,1,1,2,1,1,0,0,0,2,4096,4,1,0.333333343267441,0.0666666701436043,0.200000002980232,0.466666668653488,0,1,16,2,1,3,512,0,1,2,512,1,1024,5]],["Very Low","Low","Medium","High","Very High","Ultra"],2,2,2,2,4,150,1,1,2,1,1,0,0,0,2,4096,4,1,0.333333343267441,0.0666666701436043,0.200000002980232,0.466666668653488,0,1,16,2,1,3,512,0,1,2,512,1,1024,5],0,0,0,2,0,["Untagged","Respawn","Finish","EditorOnly","MainCamera","Player","GameController","ReplaceMe"]]}]}